School,Suburb,Longitude,Latitude
Adam Road Primary School,South Bunbury,115.63537099999999,-33.357951
Al-Hidayah Islamic School,Bentley,115.91156409999998,-32.01035814
Albany Community Kindergarten,Albany,117.8809869,-35.02145966
Albany Primary School,Albany,117.89161059999999,-35.01821151
Albany Secondary Education Support Centre,Albany,117.86686740000002,-34.99074882
Albany Senior High School,Albany,117.8917733,-35.02044765
Alinjarra Primary School,Alexander Heights,115.8701402,-31.82962571
Alkimos Baptist College,Merriwa,115.7101785,-31.66032819
Alkimos Beach Primary School,Alkimos,115.67865900000001,-31.625186
Alkimos College,Alkimos,115.69423300000001,-31.629987
Alkimos Primary School,Alkimos,115.70265729999998,-31.62699105
All Saints' College,Bull Creek,115.867023,-32.04946998
Allanson Primary School,Allanson,116.099005,-33.33580893
Allendale Primary School,Geraldton,114.6237354,-28.76430303
Alta-1,Joondalup,115.81331259999999,-31.78537164
Amaroo Primary School,Collie,116.14966299999999,-33.35205078
Anne Hamersley Primary School,Ellenbrook,116.0087173,-31.74539641
Anzac Terrace Primary School,Bassendean,115.93725309999999,-31.89719261
Applecross Primary School,Applecross,115.83959840000001,-32.01084327
Applecross Senior High School,Ardross,115.83509,-32.029376
Aquinas College,Salter Point,115.86175379999999,-32.02617519
Aranmore Catholic College,Leederville,115.8431695,-31.92706854
Aranmore Catholic Primary School,Leederville,115.8392341,-31.92790363
Arbor Grove Primary School,Ellenbrook,115.96263700000002,-31.77105084
Ardross Primary School,Ardross,115.83465770000001,-32.027440500000004
Armadale Education Support Centre,Armadale,116.0143523,-32.16152603
Armadale Primary School,Armadale,116.0264848,-32.14823967
Armadale Senior High School,Armadale,116.0143523,-32.16152603
Ashburton Drive Primary School,Gosnells,115.9841976,-32.086230699999994
Ashdale Primary School,Darch,115.84375379999999,-31.80875751
Ashdale Secondary College,Darch,115.84149520000001,-31.81162275
Ashfield Primary School,Ashfield,115.94090179999999,-31.91530992
Aspiri Primary School,Piara Waters,115.912209,-32.138988
Assumption Catholic Primary School,Mandurah,115.74643209999999,-32.50994328
Atlantis Beach Baptist College,Two Rocks,115.644623,-31.473535
Attadale Primary School,Attadale,115.8018145,-32.02544682
Atwell College,Atwell,115.86414620000001,-32.14395682
Atwell Primary School,Atwell,115.867828,-32.13527555
Aubin Grove Primary School,Aubin Grove,115.86235220000002,-32.17306065
Augusta Primary School,Augusta,115.1595029,-34.31671839
Austin Cove Baptist College,South Yunderup,115.80651540000001,-32.59324476
Australian Christian College - Darling Downs,Hilbert,116.00429440000002,-32.17468068
Australian Christian College - Southlands,Albany,117.92270559999999,-34.99550802
Australian Islamic College - Kewdale,Kewdale,115.9325273,-31.97999061
Australian Islamic College - Dianella,Dianella,115.8744467,-31.90293601
Australian Islamic College - Thornlie,Thornlie,115.9611396,-32.05402507
Australind Primary School,Australind,115.7271368,-33.28059897
Australind Senior High School,Australind,115.7284365,-33.27665965
Aveley North Primary School,Aveley,115.991854,-31.778440999999997
Aveley Primary School,Aveley,115.99055859999999,-31.79108088
Aveley Secondary College,Ellenbrook,115.987559,-31.767003999999996
Avonvale Education Support Centre,Northam,116.6613138,-31.64551218
Avonvale Primary School,Northam,116.6613138,-31.64551218
Babakin Primary School,Babakin,118.0209226,-32.12359155
Badgingarra Primary School,Badgingarra,115.550545,-30.4024941
Bakers Hill Primary School,Bakers Hill,116.46159840000001,-31.75120467
Balcatta Primary School,Balcatta,115.82727290000001,-31.88093054
Balcatta Senior High School,Balcatta,115.8122429,-31.87551716
Baldivis Gardens Primary School,Baldivis,115.81006200000002,-32.300823
Baldivis Primary School,Baldivis,115.81747220000001,-32.30718679
Baldivis Secondary College,Baldivis,115.828418,-32.334099
Baler Primary School,South Hedland,118.61245579999999,-20.40461541
Balga Primary School,Balga,115.84480009999999,-31.86059553
Balga Senior High School,Balga,115.84650420000001,-31.85134146
Balingup Primary School,Balingup,115.98220690000001,-33.78633822
Ballajura Community College,Ballajura,115.8934345,-31.84474671
Ballajura Primary School,Ballajura,115.892303,-31.83593382
Bambara Primary School,Padbury,115.76142069999999,-31.79830122
Banksia Grove Primary School,Banksia Grove,115.8089621,-31.70254405
Banksia Montessori School,Dianella,115.86928229999998,-31.89277585
Banksia Park Primary School,Leeming,115.87545829999999,-32.07166263
Bannister Creek Primary School,Lynwood,115.92850220000001,-32.0397245
Bassendean Primary School,Bassendean,115.95344509999998,-31.90747284
Bateman Primary School,Bateman,115.8453415,-32.05066001
Baynton West Primary School,Baynton,116.79938999999999,-20.75252283
Bayswater Primary School,Bayswater,115.91177330000001,-31.92081606
Bayulu Remote Community School,Via Fitzroy Crossing,125.58345,-18.28637
Beachlands Primary School,Geraldton,114.6043717,-28.78770753
Beacon Primary School,Beacon,117.86889779999998,-30.45065535
Beaconsfield Primary School,Beaconsfield,115.75938640000001,-32.068989
Beaumaris Primary School,Ocean Reef,115.73555290000002,-31.74874488
Beckenham Primary School,Beckenham,115.9573041,-32.02408598
Beechboro Christian School,Beechboro,115.93400829999999,-31.85664957
Beechboro Primary School,Beechboro,115.9357571,-31.86780968
Beeliar Primary School,Beeliar,115.82072279999998,-32.13297396
Beenyup Primary School,Byford,115.992722,-32.233554
Beldon Education Support Centre,Beldon,115.75725220000001,-31.774655600000003
Beldon Primary School,Beldon,115.75725220000001,-31.774655600000003
Belmay Primary School,Cloverdale,115.9466374,-31.9507814
Belmont City College,Belmont,115.9344344,-31.95889136
Belmont Primary School,Belmont,115.92282560000001,-31.94467587
Belridge Secondary College,Beldon,115.76317590000001,-31.77038385
Belridge Secondary Education Support Centre,Beldon,115.76317590000001,-31.77038385
Bencubbin Primary School,Bencubbin,117.85726149999999,-30.8076984
Bentley Primary School,Bentley,115.9115642,-32.01035815
Bertram Primary School,Bertram,115.84354099999999,-32.24665386
Bethel Christian School,Albany,117.88118500000002,-35.00481744
Beverley District High School,Beverley,116.92769440000001,-32.10031422
Bible Baptist Christian Academy,Mount Helena,116.21585470000001,-31.87584448
Bibra Lake Primary School,Bibra Lake,115.83915049999999,-32.09409186
Bicton Primary School,Bicton,115.786548,-32.03272881
Bindoon Primary School,Bindoon,116.09710020000001,-31.38017209
Binnu Primary School,Binnu,114.67558909999998,-28.04197194
Birlirr Ngawiyiwu Catholic School,Via Halls Creek,128.615847,-18.794047
Bletchley Park Primary School,Southern River,115.9462328,-32.10259536
Blue Gum Montessori School Inc,Bibra Lake,115.838553,-32.08519543
Bluff Point Primary School,Bluff Point,114.6215834,-28.7403527
Bob Hawke College,Subiaco,115.8323,-31.944538
Boddington District High School,Boddington,116.46708799999999,-32.80157748
Bold Park Community School,Wembley,115.82318470000001,-31.92384064
Bolgart Primary School,Bolgart,116.51086059999999,-31.27358225
Booragoon Primary School,Booragoon,115.8264595,-32.03553443
Borden Primary School,Borden,118.26303119999999,-34.07290497
Boulder Primary School,Boulder,121.4875325,-30.78003681
Boyanup Primary School,Boyanup,115.7308445,-33.48596223
Boyare Primary School,Mirrabooka,115.8734207,-31.85724948
Boyup Brook District High School,Boyup Brook,116.3913376,-33.83634699
Brabham Primary School,Brabham,115.97205,-31.821305
Braeside Primary School,Katanning,117.56,-33.679
Bramfield Park Primary School,Maddington,115.99503590000002,-32.04680274
Bremer Bay Primary School,Bremer Bay,119.37476000000001,-34.393283000000004
Brentwood Primary School,Brentwood,115.847177,-32.04149754
Bridgetown High School,Bridgetown,116.14209070000001,-33.95993882
Bridgetown Primary School,Bridgetown,116.1407977,-33.95485467
Brookman Primary School,Langford,115.9390727,-32.03670459
Brookton District High School,Brookton,117.00868170000001,-32.37207392
Broome North Primary School,Broome,122.2301416,-17.926637399999997
Broome Primary School,Broome,122.23796259999999,-17.96120109
Broome Senior High School,Broome,122.23232639999999,-17.95614273
Broomehill Primary School,Broomehill,117.6342811,-33.84507375
Bruce Rock District High School,Bruce Rock,118.14766270000001,-31.87363474
Brunswick Junction Primary School,Brunswick Junction,115.8341389,-33.2517339
Bull Creek Primary School,Bull Creek,115.86100640000001,-32.06013661
Bullsbrook College,Bullsbrook,116.033179,-31.66171848
Bullsbrook Community Kindergarten,East Bullsbrook,116.0303767,-31.66245045
Bunbury Baptist College,Dalyellup,115.627001,-33.400403000000004
Bunbury Cathedral Grammar School,Gelorup,115.63864,-33.404668
Bunbury Catholic College,Bunbury,115.6614239,-33.34342203
Bunbury Primary School,Bunbury,115.63810420000001,-33.33305655
Bunbury Regional Community College,Bunbury,115.63713999999999,-33.32065
Bunbury Senior High School,Bunbury,115.63260770000001,-33.32746917
Bungaree Primary School,Rockingham,115.73782369999999,-32.29110842
Burbridge School,Koondoola,115.8619753,-31.83872675
Burrendah Primary School,Willetton,115.88057820000002,-32.05988334
Burringurrah Remote Community School,Mount James,116.932686,-24.651178
Busselton Primary School,Busselton,115.3763212,-33.63955416
Busselton Senior High School,Busselton,115.3250971,-33.657577200000006
Butler College,Butler,115.70870079999999,-31.65166367
Butler Primary School,Butler,115.7027364,-31.6461099
Byford Community Kindergarten,Byford,116.01245049999999,-32.21674443
Byford John Calvin School,Byford,116.00571459999999,-32.22411516
Byford Primary School,Byford,116.0121953,-32.21943768
Byford Secondary College,Byford,116.00187930000001,-32.22343162
Cable Beach Primary School,Broome,122.2164767,-17.95879062
Cadoux Primary School,Cadoux,117.1366031,-30.77070399
Caladenia Primary School,Canning Vale,115.93272900000001,-32.07496451
Calingiri Primary School,Calingiri,116.449243,-31.090094
Calista Primary School,Calista,115.81060459999999,-32.24514843
Camboon Primary School,Noranda,115.89105420000001,-31.87744461
Campbell Primary School,Canning Vale,115.9307582,-32.08812075
Canning College,Bentley,115.8971202,-32.00942925
Canning Vale College,Canning Vale,115.9227838,-32.08291838
Canning Vale Education Support Centre,Canning Vale,115.9128115,-32.0760558
Canning Vale Primary School,Canning Vale,115.9128115,-32.0760558
Cannington Community College,Cannington,115.9370814,-32.013946999999995
Cannington Community Education Support Centre,Cannington,115.9370814,-32.013946999999995
Cape Naturaliste College,Vasse,115.24388909999999,-33.67693545
Capel Primary School,Capel,115.5647487,-33.55724062
Caralee Community School,Willagee,115.80434609999999,-32.05149344
Carcoola Primary School,Pinjarra,115.89350400000001,-32.605769
Carey Baptist College,Harrisdale,115.9355423,-32.11159158
Carey Baptist College - Forrestdale,Forrestdale,115.9181942,-32.16104802
Carey Park Primary School,Carey Park,115.6505098,-33.34906206
Carine Primary School,Carine,115.77250120000001,-31.85137169
Carine Senior High School,Carine,115.775848,-31.85299735
Carlisle Primary School,Kewdale,115.921255,-31.972706
Carmel Adventist College,Carmel,116.09403710000001,-32.01473096
Carmel Adventist College Primary,Carmel,116.091127,-32.006706
Carmel School,Dianella,115.86207490000001,-31.89910743
Carnaby Rise Primary School,Landsdale,115.87498899999999,-31.81744
Carnamah District High School,Carnamah,115.89309899999999,-29.68727976
Carnarvon Christian School (Inc),Carnarvon,113.65762209999998,-24.87551778
Carnarvon Community College,East Carnarvon,113.67641499999999,-24.867098000000002
Carnarvon School Of The Air,Carnarvon,113.6607577,-24.88431096
Carramar Primary School,Carramar,115.78572109999999,-31.71147916
Carson Street School,East Victoria Park,115.90607659999998,-31.99317499
Casa Mia Montessori Community School,Bassendean,115.9519135,-31.90308107
Cascade Primary School,Cascade,121.0723384,-33.46836264
Cassia Education Support Centre,South Hedland,118.60790949999999,-20.40888577
Cassia Primary School,South Hedland,118.60790949999999,-20.40888577
Castlereagh School,Willetton,115.88180870000001,-32.06093787
Castletown Primary School,Esperance,121.9084582,-33.83182737
Caversham Primary School,West Swan,115.9831127,-31.85860491
Caversham Valley Primary School,Caversham,115.968879,-31.867901
Cecil Andrews College,Armadale,115.9918834,-32.14118727
Central Midlands Senior High School,Moora,116.0152142,-30.64115241
Cervantes Primary School,Cervantes,115.0659247,-30.4991469
Challis Community Primary School,Armadale,116.0006497,-32.13924553
Champion Bay Senior High School,Geraldton,114.63296000000001,-28.79463546
Chapman Valley Primary School,Nabawa,114.7915149,-28.49970321
Charthouse Primary School,Waikiki,115.75084270000002,-32.31714699
Chidlow Primary School,Chidlow,116.26895590000001,-31.85729037
Child Side School,Boyanup,115.7411328,-33.48598843
Chisholm Catholic College,Bedford,115.90056470000002,-31.91151257
Christ Church Grammar School,Claremont,115.7769868,-31.98546117
Christ The King Catholic School,Lombadina,122.892963,-16.516088
Christ The King School,Beaconsfield,115.773117,-32.072343
Christian Aboriginal Parent-Directed School,Coolgardie,121.16131000000001,-30.95228
Christian Aboriginal Parent-Directed School - Kurrawang,Mount Burges,121.3301,-30.83002
Christian Brothers' College,Fremantle,115.7533646,-32.05178739
Christmas Island District High School,Christmas Island,105.6686,-10.4352
Chrysalis Montessori School,Glendalough,115.8172243,-31.91748633
Churchlands Primary School,Floreat,115.794652,-31.92636369
Churchlands Senior High School,Churchlands,115.7899902,-31.91728978
City Beach Primary School,City Beach,115.765126,-31.93538508
Clarkson Community High School,Clarkson,115.72672720000001,-31.67744562
Clarkson Primary School,Clarkson,115.7183074,-31.67754494
Clayton View Primary School,Koongamia,116.04024509999999,-31.90467468
Clifton Hills Primary School,Kelmscott,116.0207568,-32.1094773
Clifton Park Primary School,Clifton Park,115.71198259999998,-33.30905652
Clontarf Aboriginal College,Waterford,115.89296780000001,-32.01565323
Cloverdale Education Support Centre,Cloverdale,115.93502099999999,-31.96091754
Cloverdale Primary School,Cloverdale,115.93502099999999,-31.96091754
Coastal Lakes College,Lakelands,115.76273700000002,-32.468193
Cocos Islands District High School,Cocos Island,96.8288,-12.187999999999999
College Row School,Bunbury,115.63150970000001,-33.35398848
Collie Senior High School,Collie,116.156535,-33.36307
Collier Primary School,Como,115.8732078,-31.99132283
Comet Bay College,Secret Harbour,115.7629996,-32.415805199999994
Comet Bay Primary School,Secret Harbour,115.7694346,-32.41132592
Communicare Academy,Kenwick,115.9676942,-32.03746429
Como Primary School,Como,115.86134469999999,-31.99709826
Como Secondary College,Como,115.8711551,-32.00366439
Condingup Primary School,Condingup,122.5268561,-33.75467811
Connolly Primary School,Connolly,115.75729579999998,-31.74715629
Coodanup College,Mandurah,115.7489824,-32.54610231
Coogee Primary School,Coogee,115.77182420000001,-32.12709335
Cooinda Primary School,East Bunbury,115.65190770000001,-33.33437038
Coolbellup Community School,Coolbellup,115.8088051,-32.08185386
Coolbellup Learning Centre,Coolbellup,115.8088051,-32.08185386
Coolbinia Primary School,Coolbinia,115.8590308,-31.91309496
Coolgardie Primary School,Coolgardie,121.1671483,-30.95018807
Cooloongup Primary School,Cooloongup,115.75528190000001,-32.29797619
Coorow Primary School,Coorow,116.0234057,-29.87940195
Cornerstone Christian College,Busselton,115.3229807,-33.67026207
Corpus Christi College,Bateman,115.84290559999998,-32.05699614
Corrigin District High School,Corrigin,117.8771847,-32.32675596
Cottesloe Primary School,Peppermint Grove,115.76133700000001,-32.002516
Court Grammar School,Mundijong,115.99128059999998,-32.26965841
Cowaramup Primary School,Cowaramup,115.10713940000001,-33.851817
Craigie Heights Primary School,Craigie,115.76026440000001,-31.79004304
Cranbrook Primary School,Cranbrook,117.55080159999999,-34.29276525
Creaney Education Support Centre,Kingsley,115.7885222,-31.80400875
Creaney Primary School,Kingsley,115.78852240000002,-31.80400875
Cue Primary School,Cue,117.89702679999999,-27.42017103
Cunderdin District High School,Cunderdin,117.243877,-31.656270000000003
Currambine Primary School,Currambine,115.74910220000001,-31.73364969
Curtin Primary School,Manning,115.87376110000001,-32.00690937
Cyril Jackson Senior Campus,Bassendean,115.9424646,-31.91290966
Cyril Jackson Senior Campus Education Support Centre,Bassendean,115.9424646,-31.91290966
Dale Christian School,Armadale,115.99873570000001,-32.15932611
Dalkeith Primary School,Dalkeith,115.797872,-31.99644115
Dalmain Primary School,Kingsley,115.79071210000001,-31.81392422
Dalwallinu District High School,Dalwallinu,116.6610879,-30.2704732
Dalyellup College,Dalyellup,115.62576729999999,-33.40385496
Dalyellup Primary School,Dalyellup,115.6228338,-33.39985687
Dampier Primary School,Dampier,116.70571699999999,-20.6644723
Dandaragan Primary School,Dandaragan,115.7019541,-30.67304886
Dardanup Primary School,Dardanup,115.75758130000001,-33.40089693
Darkan Primary School,Darkan,116.73465729999998,-33.33586626
Darling Range Sports College,Forrestfield,116.01085970000001,-31.97566063
Darlington Primary School,Darlington,116.07753999999998,-31.92015078
Davallia Primary School,Duncraig,115.7874618,-31.84104283
Dawson Park Primary School,Forrestfield,115.9999814,-31.97788644
Dawul Remote Community School,Kununurra,128.2465,-16.306425
Deanmore Primary School,Karrinyup,115.76660759999999,-31.88323747
Denmark Primary School,Denmark,117.35342959999998,-34.96364766
Denmark Senior High School,Denmark,117.3645842,-34.95741408
Derby District High School,Derby,123.63373899999999,-17.30943881
Dianella Heights Primary School,Dianella,115.86615139999999,-31.88273396
Dianella Primary College,Dianella,115.8548645,-31.87939428
Dianella Secondary College,Dianella,115.8549027,-31.87818209
Dianella Secondary College Education Support Centre,Dianella,115.85353400000001,-31.879454
Divine Mercy College,Yangebup,115.82516969999999,-32.12468637
Djidi Djidi Aboriginal School,Bunbury,115.6823564,-33.348023100000006
Djugerari Remote Community School,Djugerari Community,125.510396,-18.988706
Dongara District High School,Dongara,114.9285663,-29.24926582
Donnybrook District High School,Donnybrook,115.8209925,-33.57479874
Doubleview Primary School,Doubleview,115.77766170000001,-31.89845085
Dowerin District High School,Dowerin,117.03788200000001,-31.191740000000003
Dryandra Primary School,Mirrabooka,115.86235220000002,-31.85529627
Dudley Park Primary School,Mandurah,115.735351,-32.54121027
Dumbleyung Primary School,Dumbleyung,117.7386752,-33.31275734
Duncraig Primary School,Duncraig,115.7707544,-31.83197629
Duncraig Senior High School,Duncraig,115.767131,-31.82190527
Dunsborough Primary School,Dunsborough,115.0997912,-33.60060793
Durham Road School,Bayswater,115.918598,-31.91510281
Dwellingup Primary School,Dwellingup,116.0641876,-32.71529394
East Beechboro Primary School,Beechboro,115.9508182,-31.87236969
East Butler Primary School,Butler,115.7117596,-31.6437585
East Fremantle Primary School,Fremantle,115.75914840000002,-32.04789275
East Hamersley Primary School,Hamersley,115.8186051,-31.84763444
East Hamilton Hill Primary School,Hamilton Hill,115.7892828,-32.07753718
East Kalgoorlie Primary School,Kalgoorlie,121.4854297,-30.74742189
East Kenwick Primary School,Kenwick,115.97960249999998,-32.03172749
East Kimberley College,Kununurra,128.73618249999998,-15.76888254
East Maddington Primary School,Maddington,116.00412340000001,-32.05542616
East Manjimup Primary School,Manjimup,116.151728,-34.24502646
East Narrogin Primary School,Narrogin,117.1883722,-32.93547426
East Victoria Park Education Support Centre,East Victoria Park,115.9080897,-31.97884722
East Victoria Park Primary School,East Victoria Park,115.9080897,-31.97884722
East Waikiki Primary School,Cooloongup,115.7605364,-32.3040885
East Wanneroo Primary School,Wanneroo,115.8168149,-31.7568505
Eastern Goldfields College,Kalgoorlie,121.47537460000001,-30.75101639
Eastern Goldfields Education Support Centre,Kalgoorlie,121.47887630000001,-30.76705062
Eastern Hills Senior High School,Mount Helena,116.2200892,-31.87396818
Eaton Community College,Eaton,115.7228908,-33.3176055
Eaton Primary School,Eaton,115.70284309999998,-33.32181891
Eddystone Primary School,Heathridge,115.76900020000001,-31.76706411
Eden Hill Primary School,Eden Hill,115.9456049,-31.89291076
Edgewater Primary School,Edgewater,115.7804131,-31.76289339
Edmund Rice College,Bindoon,116.1856818,-31.31077578
Edney Primary School,High Wycombe,116.0069048,-31.94734619
Ellen Stirling Primary School,Ellenbrook,115.9750095,-31.7702501
Ellenbrook Christian College,Ellenbrook,115.95917800000001,-31.786783000000003
Ellenbrook Primary School,Ellenbrook,115.9747992,-31.792689199999998
Ellenbrook Secondary College,Ellenbrook,115.9642807,-31.78554916
Embleton Primary School,Embleton,115.909802,-31.90187965
Emmanuel Catholic College,Success,115.84006959999999,-32.12857818
Emmanuel Christian Community School,Girrawheen,115.8482622,-31.84620429
Endeavour Education Support Centre,Port Kennedy,115.7507254,-32.37037017
Endeavour Primary School,Port Kennedy,115.7507254,-32.37037017
Eneabba Primary School,Eneabba,115.2681635,-29.82022038
Esperance Anglican Community School,Esperance,121.8844588,-33.87140172
Esperance Christian Primary School,Esperance,121.8773873,-33.86426103
Esperance Education Support Centre,Esperance,121.86825800000001,-33.86017872
Esperance Primary School,Esperance,121.890272,-33.85981206
Esperance Senior High School,Esperance,121.86825800000001,-33.86017872
Eton Farm Primary School,Serpentine,115.982615,-32.346434
Excelsior Primary School,Canning Vale,115.943661,-32.08181283
Exmouth District High School,Exmouth,114.1242962,-21.93316002
Fairbridge College,Pinjarra,115.9465216,-32.60549898
Fairview Primary School,Collie,116.1685678,-33.34837356
Falcon Primary School,Wannanup,115.64298079999999,-32.59274022
Falls Road Primary School,Lesmurdie,116.04701850000001,-31.99216242
Fitzroy Valley District High School,Fitzroy Crossing,125.566842,-18.196468
Flinders Park Primary School,Albany,117.9300686,-34.97824017
Floreat Park Primary School,Floreat,115.79122,-31.936844
Forest Crescent Primary School,Thornlie,115.95000700000001,-32.07607019
Forrestdale Primary School,Forrestdale,115.94853619999999,-32.15362108
Forrestfield Primary School,Forrestfield,116.0088324,-31.99141866
Foundation Christian College,Greenfields,115.76228880000001,-32.52931617
Fountain College,Ferndale,115.92001090000002,-32.03648539
Francis Jordan Catholic School,Currambine,115.73842649999999,-31.73113849
Frankland River Primary School,Frankland River,117.078601,-34.36312
Frederick Irwin Anglican School,Mandurah,115.75308020000001,-32.50869435
Fremantle Christian College,Hamilton Hill,115.77519840000002,-32.084365399999996
Fremantle College,Beaconsfield,115.76798000000001,-32.06791
Fremantle Language Development Centre,Willagee,115.80434609999999,-32.05149344
Fremantle Primary School,Fremantle,115.75353529999998,-32.05883702
Freshwater Bay Primary School,Claremont,115.78230970000001,-31.98588984
Gairdner Primary School,Gairdner,118.93858490000001,-34.2108414
Gascoyne Junction Remote Community School,Gascoyne Junction,115.2083775,-25.05320773
Geographe Education Support Centre,Busselton,115.32883390000002,-33.66661113
Geographe Primary School,Busselton,115.32883390000002,-33.66661113
Georgiana Molloy Anglican School,Busselton,115.3815495,-33.6606425
Geraldton Flexible Learning Centre,Geraldton,114.6188153,-28.76770179
Geraldton Grammar School,Geraldton,114.621025,-28.76195313
Geraldton Primary School,Geraldton,114.60805559999999,-28.77863662
Geraldton Senior High School,Geraldton,114.61170919999999,-28.78068474
Gibbs Street Primary School,East Cannington,115.95375209999999,-32.00835874
Gidgegannup Primary School,Gidgegannup,116.19540719999999,-31.79416905
Gilmore College,Orelia,115.814803,-32.238265999999996
Gingin District High School,Gingin,115.91236869999999,-31.34427642
Girrawheen Senior High School,Girrawheen,115.8418703,-31.83648977
Gladys Newton School,Balga,115.84735800000001,-31.85488957
Glen Forrest Community Kindergarten,Glen Forrest,116.1023159,-31.90683334
Glen Forrest Primary School,Glen Forrest,116.100319,-31.91537475
Glen Huon Primary School,Eaton,115.72615479999999,-33.31523808
Glencoe Primary School,Halls Head,115.70414040000001,-32.54229018
Glendale Primary School,Hamersley,115.8076235,-31.84933302
Glengarry Primary School,Duncraig,115.78205520000002,-31.82816781
Gnowangerup District High School,Gnowangerup,118.00801000000001,-33.938232
Golden Bay Primary School,Golden Bay,115.7596842,-32.42313769
Golden Hill Steiner School,Denmark,117.3591392,-34.94203668
Goldfields Baptist College,Kalgoorlie,121.4630845,-30.77620533
Good Shepherd Catholic Primary School,Kelmscott,116.0262673,-32.12560377
Good Shepherd Catholic School,Lockridge,115.9432801,-31.88645235
Goollelal Primary School,Kingsley,115.80138529999999,-31.81486804
Goomalling Primary School,Goomalling,116.82890890000002,-31.30541151
Gooseberry Hill Primary School,Gooseberry Hill,116.05601999999999,-31.95646856
Gosnells Primary School,Gosnells,116.00352240000002,-32.07774624
Governor Stirling Senior High School,Woodbridge,115.98880559999999,-31.88893826
Grace Christian School,Bunbury,115.68107590000001,-33.33832794
Grandis Primary School,Banksia Grove,115.80774699999999,-31.693914000000003
Great Southern Grammar,Lower Kalgan,117.9707332,-34.94755539
Greenbushes Primary School,Greenbushes,116.0594122,-33.85097107
Greenfields Primary School,Greenfields,115.7509389,-32.53397367
Greenmount Primary School,Greenmount,116.04743359999999,-31.89659298
Greenwood College,Greenwood,115.7914439,-31.82628484
Greenwood Primary School,Greenwood,115.80902009999998,-31.82890115
Grovelands Primary School,Camillo,115.9990409,-32.12023725
Guildford Grammar School,Guildford,115.98189199999999,-31.894036
Guildford Primary School,Guildford,115.9678061,-31.90233645
Gwynne Park Education Support Centre,Armadale,115.999196,-32.1618132
Gwynne Park Primary School,Armadale,115.999196,-32.1618132
Hale School,Wembley Downs,115.7837828,-31.91232249
Halidon Primary School,Kingsley,115.801427,-31.80783809
Halls Creek District High School,Halls Creek,127.66935600000001,-18.22567554
Halls Head College,Halls Head,115.69424040000001,-32.55444963
Halls Head College Education Support Centre,Halls Head,115.69424040000001,-32.55444963
Halls Head Primary School,Halls Head,115.6949747,-32.55019839
Hammond Park Catholic Primary School,Hammond Park,115.84873459999999,-32.17296139
Hammond Park Primary School,Hammond Park,115.8435325,-32.16737931
Hammond Park Secondary College,Hammond Park,115.850504,-32.172219
Hampton Park Primary School,Morley,115.916552,-31.886678999999997
Hampton Senior High School,Morley,115.92693,-31.89085713
Hannans Primary School,Kalgoorlie,121.45185829999998,-30.72499605
Harmony Primary School,Atwell,115.8645645,-32.15122168
Harrisdale Primary School,Harrisdale,115.9379534,-32.12523245
Harrisdale Senior High School,Harrisdale,115.93452099999999,-32.127736
Harvey Primary School,Harvey,115.895078,-33.078014
Harvey Senior High School,Harvey,115.90796270000001,-33.08407299
Havenport Msl College,Cockburn Central,115.84047,-32.121531
Hawker Park Primary School,Warwick,115.79749270000002,-31.84054196
Hazel Orme Community Kindergarten,White Gum Valley,115.76985619999999,-32.06190042
Heathridge Primary School,Heathridge,115.7606344,-31.76034748
Hedland Senior High School,South Hedland,118.59861599999999,-20.39878872
Helena College,Glen Forrest,116.09143999999999,-31.90747
Helena River Steiner School,Midland,116.001644,-31.886829
Helena Valley Primary School,Helena Valley,116.0486524,-31.92484077
Hensman Street Elementary,South Perth,115.8628084,-31.98447619
Heritage College Perth,Forrestfield,116.01964479999998,-31.98220269
Herne Hill Primary School,Herne Hill,116.02371740000001,-31.82980018
High Wycombe Primary School,High Wycombe,116.00213219999999,-31.94106632
Highgate Primary School,Highgate,115.86625090000001,-31.94074584
Hillarys Community Kindergarten,Hillarys,115.73645069999999,-31.80813401
Hillarys Primary School,Hillarys,115.75256409999999,-31.81329166
Hillcrest Primary School,Bayswater,115.9030701,-31.90983465
Hillman Primary School,Hillman,115.762409,-32.28293177
Hillside Christian College,Forrestfield,116.0173602,-31.97978892
Hilton Primary School,Hilton,115.7841355,-32.06805492
Hocking Primary School,Hocking,115.81687759999998,-31.76973684
Holland Street School,Geraldton,114.6084389,-28.77996577
Hollywood Primary School,Nedlands,115.8072695,-31.96944536
Holy Cross College,Ellenbrook,115.973832,-31.773096999999996
Holy Rosary School,Derby,123.63377520000002,-17.3050183
Holy Rosary School,Doubleview,115.78749979999999,-31.90928598
Holy Spirit School,City Beach,115.76524029999999,-31.91694399
Honeywood Primary School,Wandi,115.86158999999999,-32.1965
Hope Christian College,Roelands,115.8278834,-33.29288692
Hopetoun Primary School,Hopetoun,120.12889750000001,-33.94505538
Hudson Park Primary School,Girrawheen,115.83732909999999,-31.83944795
Huntingdale Primary School,Huntingdale,115.97170109999999,-32.07763465
Hyden Primary School,Hyden,118.861951,-32.44862907
Illawarra Primary School,Ballajura,115.88175759999999,-31.8289464
Immaculate Heart College,Lower Chittering,116.07834950000002,-31.56032856
Indie School Western Australia,Midland,116.00344,-31.893179999999997
Infant Jesus School,Morley,115.8895814,-31.89329786
Inglewood Primary School,Inglewood,115.8864466,-31.91722662
International School of Western Australia,Doubleview,115.77762,-31.8985
Iona Presentation College,Mosman Park,115.76773490000002,-32.00852636
Irene McCormack Catholic College,Butler,115.70944899999999,-31.65406275
Jandakot Primary School,Success,115.8458419,-32.13857194
Jarrahdale Primary School,Jarrahdale,116.06231100000001,-32.338619
Jerdacuttup Primary School,Ravensthorpe,120.47312659999999,-33.70715991
Jerramungup District High School,Jerramungup,118.9175865,-33.94498437
Jigalong Remote Community School,Via Newman,120.78148799999998,-23.359798
John Butler Primary College,Butler,115.69403329999999,-31.6321576
John Calvin Christian College,Armadale,116.0066034,-32.14876453
John Calvin School,Albany,117.871159,-35.003739
John Curtin College of the Arts,Fremantle,115.75622379999999,-32.04863279
John Forrest Secondary College,Morley,115.90088999999999,-31.90416352
John Paul College,Kalgoorlie,121.47871540000001,-30.76410096
John Pujajangka Piyirn School,"Via Halls Creek, Mulan",127.59508799999999,-20.101182
John Septimus Roe Anglican Community School,Mirrabooka,115.85670549999999,-31.85936631
John Tonkin College,Mandurah,115.756358,-32.51758689
John Tonkin College Education Support Centre,Mandurah,115.756358,-32.51758689
John Wollaston Anglican Community School,Camillo,116.007834,-32.104726
John XXIII College,Mount Claremont,115.78479879999999,-31.9599189
Jolimont Primary School,Jolimont,115.8093909,-31.94879873
Joondalup Education Support Centre,Joondalup,115.7615597,-31.72399412
Joondalup Primary School,Joondalup,115.7615597,-31.72399412
Joseph Banks Secondary College,Banksia Grove,115.79659109999999,-31.69867412
Jungdranung Remote Community School,Glen Hill Station,128.360497,-16.542253
Jurien Bay District High School,Jurien Bay,115.040116,-30.308373
Kalamunda Christian School,Walliston,116.06915690000001,-32.00465707
Kalamunda Primary Education Support Centre,Kalamunda,116.05114209999999,-31.97069617
Kalamunda Primary School,Kalamunda,116.05114209999999,-31.97069617
Kalamunda Secondary Education Support Centre,Kalamunda,116.0561861,-31.97788079
Kalamunda Senior High School,Kalamunda,116.0561861,-31.97788079
Kalannie Primary School,Kalannie,117.1139186,-30.36200225
Kalbarri District High School,Kalbarri,114.163881,-27.712788
Kalgoorlie Primary School,Kalgoorlie,121.4701713,-30.74472512
Kalgoorlie School Of The Air,Boulder,121.48606219999999,-30.78223722
Kalgoorlie-Boulder Community High School,Kalgoorlie,121.47887630000001,-30.76705062
Kalumburu Remote Community School,Kalumburu,126.64207900000001,-14.294918
Kambalda Primary School,Kambalda East,121.66523570000001,-31.2044049
Kambalda West District High School,Kambalda West,121.6204895,-31.20551775
Kapinara Primary School,City Beach,115.76300829999998,-31.92497253
Karalundi College,Meekatharra,118.69312099999999,-26.130058
Kardinya Primary School,Kardinya,115.8237277,-32.06231235
Karratha Primary School,Karratha,116.85908229999998,-20.72938851
Karratha Senior High School,Karratha,116.8241249,-20.74695822
Karridale Primary School,Karridale,115.09556509999999,-34.21784646
Karrinyup Primary School,Karrinyup,115.7762892,-31.86967092
Katanning Primary School,Katanning,117.55920400000001,-33.69203343
Katanning Senior High School,Katanning,117.5692745,-33.68321703
Kearnan College,Manjimup,116.1416408,-34.24140477
Kellerberrin District High School,Kellerberrin,117.7186275,-31.63149171
Kelmscott John Calvin School,Champion Lakes,115.98829170000002,-32.11804455
Kelmscott Primary School,Kelmscott,116.02099579999998,-32.11849593
Kelmscott Senior High School,Kelmscott,116.0110534,-32.12147619
Kendenup Primary School,Kendenup,117.618,-34.482
Kennedy Baptist College,Murdoch,115.829647,-32.073356
Kensington Primary School,Kensington,115.88334840000002,-31.98071268
Kensington Secondary School,Kensington,115.88577620000001,-31.98547305
Kent Street Senior High School,East Victoria Park,115.8926602,-31.98570399
Kenwick School,Kenwick,115.9663084,-32.03760074
Kerry Street Community School,Hamilton Hill,115.7737709,-32.08253823
Kewdale Primary School,Kewdale,115.9436158,-31.97574657
Kiara College,Kiara,115.93509979999999,-31.87744952
Kimberley School Of The Air,Derby,123.633779,-17.309389000000003
Kindaimanna Community Kindergarten,Kelmscott,115.99923600000001,-32.123468
Kingsley Primary School,Armadale,116.01523300000001,-32.134611
Kingston Primary School,Australind,115.74357079999999,-33.25919616
Kingsway Christian College,Darch,115.8374044,-31.81156717
Kinross College,Kinross,115.7325952,-31.71789873
Kinross Primary School,Kinross,115.7368105,-31.71880258
Kirup Primary School,Kirup,115.89155500000001,-33.705302
Kojonup District High School,Kojonup,117.15652150000001,-33.84013104
Kolbe Catholic College,Rockingham,115.75397269999999,-32.27997384
Kondinin Primary School,Kondinin,118.2637107,-32.49408236
Koondoola Primary School,Koondoola,115.8619753,-31.83872675
Koorana Education Support Centre,Warnbro,115.7653169,-32.34292727
Koorana Primary School,Warnbro,115.7653169,-32.34292727
Koorda Primary School,Koorda,117.48299999999999,-30.826
Kukerin Primary School,Kukerin,118.08593859999999,-33.18512011
Kulin District High School,Kulin,118.15268470000001,-32.67021123
Kulkarriya Community School,Via Fitzroy Crossing,124.831111,-18.503222
Kururrungku Catholic Education Centre,Via Halls Creek,127.66176499999999,-19.555396
Kyilla Primary School,North Perth,115.851731,-31.91907193
La Grange Remote Community School,Bidyadanga,121.78264399999999,-18.685254
La Salle College,Middle Swan,116.004411,-31.87856979
Lake Grace District High School,Lake Grace,118.459432,-33.103443
Lake Gwelup Primary School,Gwelup,115.797937,-31.87143628
Lake Joondalup Baptist College,Joondalup,115.7614206,-31.73747504
Lake King Primary School,Lake King,119.67346909999999,-33.09143031
Lake Monger Primary School,Wembley,115.82130890000002,-31.92381333
Lakeland Senior High School,South Lake,115.84591370000001,-32.10905514
Lakelands Primary School,Lakelands,115.76246280000001,-32.47803782
Lance Holt School,Fremantle,115.7441495,-32.05462906
Lancelin Primary School,Lancelin,115.32984979999999,-31.01148261
Landsdale Christian School,Landsdale,115.86717469999999,-31.80678912
Landsdale Primary School,Landsdale,115.8627751,-31.80328614
Langford Islamic College,Langford,115.9371583,-32.04605574
Lathlain Primary School,Lathlain,115.90875590000002,-31.96963317
Laverton School,Laverton,122.40431459999999,-28.62734274
Leaning Tree Steiner School,Glenfield,114.62538,-28.684027
Leda Education Support Centre,Leda,115.8048608,-32.26049532
Leda Primary School,Leda,115.8048608,-32.26049532
Leeman Primary School,Leeman,114.9784342,-29.94892052
Leeming Primary School,Leeming,115.862877,-32.07551121
Leeming Senior High School,Leeming,115.8564902,-32.07467304
Leeming Senior High School Education Support Centre,Leeming,115.8564902,-32.07467304
Leinster Community School,Leinster,120.69550579999999,-27.91539981
Leonora District High School,Leonora,121.3329384,-28.88414676
Leschenault Catholic Primary School,Australind,115.72248559999998,-33.28334496
Lesmurdie Primary School,Lesmurdie,116.04500039999999,-32.00399197
Lesmurdie Senior High School,Lesmurdie,116.05164309999999,-32.01252075
Little Grove Primary School,Little Grove,117.867226,-35.06595201
Living Waters Lutheran College,Warnbro,115.7544169,-32.34307717
Liwara Catholic Primary School,Greenwood,115.79181940000001,-31.83328555
Lockridge Primary School,Lockridge,115.9515213,-31.88279111
Lockyer Community Kindergarten,Albany,117.86151000000001,-35.00417
Looma Remote Community School,Looma,124.14954099999999,-18.039234
Loreto Nedlands,Nedlands,115.80605929999999,-31.98464523
Lower King Community Kindergarten,Lower King,117.93492409999999,-34.95841254
Lumen Christi College,Martin,116.0120135,-32.06737479
Luurnpa Catholic School,Via Halls Creek,127.98303100000001,-20.142514000000002
Lynwood Senior High School,Parkwood,115.91612959999999,-32.04190909
Maddington Education Support Centre,Maddington,115.98559879999999,-32.05405458
Maddington Primary School,Maddington,115.9868215,-32.05485834
Madeley Primary School,Madeley,115.8289632,-31.80675303
Maida Vale Primary School,Maida Vale,116.0231303,-31.94894601
Maidens Park Primary School,Bunbury,115.62775559999999,-33.36974451
Majella Catholic Primary School,Balga,115.84778659999999,-31.85601373
Makybe Rise Primary School,Baldivis,115.81752709999999,-32.34435624
Malibu School,Safety Bay,115.742595,-32.30377
Malvern Springs Primary School,Ellenbrook,115.97997050000001,-31.75782406
Mandurah Baptist College,Lakelands,115.76011820000001,-32.47830702
Mandurah Catholic College,Mandurah,115.73828600000002,-32.54895945
Mandurah Primary School,Mandurah,115.7255254,-32.52864487
Manea Senior College,Bunbury,115.65679750000001,-33.36775659
Manjimup Education Support Centre,Manjimup,116.135653,-34.234179
Manjimup Primary School,Manjimup,116.1339591,-34.23292451
Manjimup Senior High School,Manjimup,116.133228,-34.233841999999996
Manning Primary School,Manning,115.8650557,-32.01527547
Marangaroo Primary School,Marangaroo,115.82758989999999,-31.82848696
Marble Bar Primary School,Marble Bar,119.7478156,-21.169475100000003
Margaret River Independent School,Forest Grove,115.1053456,-34.06767921
Margaret River Montessori School,Margaret River,115.0673346,-33.95961243
Margaret River Primary School,Margaret River,115.0757428,-33.95452824
Margaret River Senior High School,Margaret River,115.07467140000001,-33.95431827
Marmion Primary School,Marmion,115.7594902,-31.84418326
Marri Grove Primary School,Byford,116.0055193,-32.21239233
Mary Mackillop Catholic Community Primary School,Ballajura,115.89814150000001,-31.84525179
Mary'S Mount Primary School,Gooseberry Hill,116.04849640000002,-31.96134491
Mater Christi Catholic Primary School,Yangebup,115.8263263,-32.12534242
Mater Dei College,Edgewater,115.7765193,-31.76466034
Matthew Gibney Catholic Primary School,High Wycombe,115.9964275,-31.93412329
Maylands Peninsula Primary School,Maylands,115.9046098,-31.93257493
Mazenod College,Lesmurdie,116.0388409,-32.006679
Mcdougall Park Community Kindergarten Inc,Como,115.8685193,-32.00608872
Meadow Springs Education Support Centre,Meadow Springs,115.75749209999998,-32.50105217
Meadow Springs Primary School,Meadow Springs,115.75749209999998,-32.50105217
Meckering Primary School,Meckering,117.0104919,-31.62835599
Medina Primary School,Medina,115.803711,-32.23582307
Meekatharra District High School,Meekatharra,118.4913155,-26.59116051
Meekatharra School Of The Air,Bluff Point,114.6196915,-28.74042558
Mel Maria Catholic Primary School,Attadale,115.8012258,-32.02710468
Melville Primary School,Melville,115.80657409999999,-32.03770545
Melville Senior High School,Melville,115.80546129999999,-32.04631125
Menzies Community School,Menzies,120.89833300000001,-29.697207000000002
Mercedes College,Perth,115.8670832,-31.95623304
Mercy College,Koondoola,115.8575544,-31.84725114
Merredin College,Merredin,118.2849815,-31.48808967
Merriwa Education Support Centre,Merriwa,115.7127243,-31.66869847
Merriwa Primary School,Merriwa,115.7127243,-31.66869847
Methodist Ladies' College,Claremont,115.77554029999999,-31.98701169
Middle Swan Primary School,Stratton,116.0366486,-31.86781578
Midvale Primary School,Midvale,116.019478,-31.887051
Miling Primary School,Miling,116.36226940000002,-30.49314858
Millars Well Primary School,Karratha,116.81761429999999,-20.74221594
Millen Primary School,East Victoria Park,115.9016519,-31.99744377
Mindarie Primary School,Mindarie,115.7093812,-31.687131
Mindarie Senior College,Mindarie,115.7060496,-31.6769792
Mingenew Primary School,Mingenew,115.44075179999999,-29.19497017
Moerlina School,Mount Claremont,115.792153,-31.96775079
Moora Primary School,Moora,116.00331409999998,-30.63256344
Moorditj Noongar Community College,Midland,116.025095,-31.877453000000003
Moorine Rock Primary School,Moorine Rock,119.12544579999998,-31.31490654
Morawa District High School,Morawa,116.0059132,-29.21120142
Morley Primary School,Morley,115.89560060000001,-31.89182974
Morley Senior High School,Noranda,115.8836692,-31.873716899999998
Mosman Park Primary School,Mosman Park,115.7629025,-32.01149157
Mosman Park School For Deaf Children,Mosman Park,115.7629025,-32.01149157
Mother Teresa Catholic College,Baldivis,115.7970969,-32.36141513
Mount Barker Community College,Mount Barker,117.665171,-34.612767
Mount Claremont Primary School,Mount Claremont,115.78267269999999,-31.96810951
Mount Hawthorn Education Support Centre,Mount Hawthorn,115.8354104,-31.91812713
Mount Hawthorn Primary School,Mount Hawthorn,115.83541029999999,-31.91812712
Mount Helena Community Kindergarten,Mount Helena,116.21600000000001,-31.8749
Mount Helena Primary School,Mount Helena,116.218207,-31.875319
Mount Lawley Primary School,Mount Lawley,115.87644409999999,-31.9257564
Mount Lawley Senior High School,Mount Lawley,115.8697493,-31.92122258
Mount Lockyer Primary School,Albany,117.85609299999999,-35.00279631
Mount Magnet District High School,Mount Magnet,117.8458664,-28.05966342
Mount Manypeaks Primary School,Manypeaks,118.1720656,-34.83958648
Mount Margaret Remote Community School,Mount Margaret,122.18466000000001,-28.795066
Mount Pleasant Primary School,Mount Pleasant,115.8453213,-32.03020235
Mount Tarcoola Primary School,Geraldton,114.62954109999998,-28.80052461
Mukinbudin District High School,Mukinbudin,118.208956,-30.916192
Mullaloo Beach Primary School,Mullaloo,115.7366952,-31.77654953
Mullaloo Community Kindergarten,Mullaloo,115.74647240000002,-31.77934912
Mullaloo Heights Primary School,Mullaloo,115.7482262,-31.77780982
Mullewa District High School,Mullewa,115.5128854,-28.53708777
Muludja Remote Community School,Fitzroy Crossing,125.76163700000001,-18.159712
Mundaring Christian College,Mundaring,116.18026929999999,-31.89869433
Mundaring Primary School,Mundaring,116.1729689,-31.8949396
Mundijong Primary School,Mundijong,115.98463600000001,-32.290913
Munglinup Primary School,Munglinup,120.85661090000002,-33.70388481
Nagle Catholic College,Geraldton,114.60999309999998,-28.77776964
Nannup District High School,Nannup,115.76559420000001,-33.99015078
Narembeen District High School,Narembeen,118.39123219999999,-32.06303073
Narrogin Primary School,Narrogin,117.17293390000002,-32.93401014
Narrogin Senior High School,Narrogin,117.1914239,-32.93810289
Nedlands Primary School,Nedlands,115.81283490000001,-31.98480552
Neerigen Brook Primary School,Armadale,116.00036029999998,-32.15221389
Newborough Primary School,Karrinyup,115.7810971,-31.88428623
Newdegate Primary School,Newdegate,119.02114440000001,-33.09321456
Newman College,Churchlands,115.7873551,-31.9231958
Newman Primary School,Newman,119.7322686,-23.35448061
Newman Senior High School,Newman,119.73413590000001,-23.36220252
Newton Moore Education Support Centre,Bunbury,115.63542140000001,-33.359211
Newton Moore Senior High School,South Bunbury,115.63542140000001,-33.359211
Newton Primary School,Spearwood,115.7890148,-32.11215987
Ngaanyatjarra Lands School,Ngaanyatjarra-Giles,128.287772,-25.001188
Ngalangangpum School,Kununurra,128.21213400000002,-17.029901000000002
Ngalapita Remote Community School,Fitzroy Crossing,124.754181,-18.584253
Nollamara Primary School,Nollamara,115.83964099999999,-31.88436343
Noranda Primary School,Noranda,115.9077996,-31.87739706
Norseman District High School,Norseman,121.773247,-32.19186573
North Albany Senior High School,Albany,117.86686740000002,-34.99074882
North Balga Primary School,Balga,115.83425759999999,-31.85209949
North Beach Primary School,North Beach,115.76110609999999,-31.85963391
North Cottesloe Primary School,Cottesloe,115.76534209999998,-31.98901491
North Dandalup Primary School,North Dandalup,115.977861,-32.50889
North East Metropolitan Language Development Centre,Dianella,115.88638529999999,-31.89043146
North Fremantle Primary School,North Fremantle,115.7567953,-32.03454903
North Harrisdale Primary School,Harrisdale,115.93886699999999,-32.115097
North Kalgoorlie Primary School,Kalgoorlie,121.45970200000001,-30.73865013
North Lake Senior Campus,Kardinya,115.8137439,-32.07350132
North Mandurah Primary School,Mandurah,115.73901969999999,-32.51527461
North Morley Primary School,Dianella,115.878515,-31.87846471
North Parmelia Primary School,Parmelia,115.83592309999999,-32.23643544
North Perth Primary School,North Perth,115.8560039,-31.93042383
North Tom Price Primary School,Tom Price,117.78111499999999,-22.6814049
North Woodvale Primary School,Woodvale,115.78837639999999,-31.78461512
Northam Primary School,Northam,116.67577539999999,-31.65156081
Northam Senior High School,Northam,116.66764909999999,-31.64725593
Northampton District High School,Northampton,114.646082,-28.355665500000004
Northcliffe District High School,Northcliffe,116.1177689,-34.63362225
Northshore Christian Grammar School,Alkimos,115.694523,-31.601801000000002
Notre Dame Catholic Primary School,Cloverdale,115.9411835,-31.95653292
Nullagine Primary School,Nullagine,120.104262,-21.88772586
Nulsen Primary School,Esperance,121.87280559999999,-33.85822068
Nungarin Primary School,Nungarin,118.1002162,-31.1872158
Nyabing Primary School,Nyabing,118.15260079999999,-33.54423624
Nyikina Mangala Community School,Mt Anderson Stn (Gt Nth Hwy),124.010681,-18.012309
O'Connor Education Support Centre,Boulder,121.4658619,-30.77657514
O'Connor Primary School,Kalgoorlie,121.4658619,-30.77657514
Oakwood Primary School,Meadow Springs,115.75640700000001,-32.484084
Oberthur Primary School,Bull Creek,115.8686381,-32.05976013
Ocean Reef Primary School,Ocean Reef,115.7393848,-31.76531973
Ocean Reef Senior High School,Ocean Reef,115.7389749,-31.75879833
Ocean Road Primary School,Dawesville,115.6307461,-32.62467996
One Arm Point Remote Community School,Dampier Peninsula,123.06081100000002,-16.44574
OneSchool Global WA,Willetton,115.90171969999999,-32.05654231
Ongerup Primary School,Ongerup,118.482748,-33.963151
Onslow Primary School,Onslow,115.110441,-21.638195
Orana Catholic Primary School,Willetton,115.8921767,-32.04434376
Orange Grove Primary School,Orange Grove,116.01205449999999,-32.035736699999994
Orelia Primary School,Orelia,115.81525220000002,-32.23696167
Osborne Primary School,Osborne Park,115.8248986,-31.89945179
Our Lady Of Fatima School,Palmyra,115.78661000000001,-32.03860078
Our Lady Of Good Counsel School,Karrinyup,115.7778009,-31.88071403
Our Lady Of Grace School,North Beach,115.7588595,-31.86356507
Our Lady Of Lourdes School,Dardanup,115.75459550000001,-33.39717192
Our Lady Of Lourdes School,Nollamara,115.8488556,-31.88782934
Our Lady of Mercy College,Australind,115.74006399999999,-33.270941
Our Lady Of Mercy Primary School,Girrawheen,115.83899840000002,-31.83735378
Our Lady Of Mount Carmel School,Hilton,115.78886709999999,-32.07276796
Our Lady Of Mount Carmel School,Mullewa,115.51710619999999,-28.53894476
Our Lady Of The Cape Primary School,Dunsborough,115.08956540000001,-33.59792583
Our Lady Star Of The Sea Catholic Primary School,Esperance,121.887832,-33.87466746
Our Lady'S Assumption School,Dianella,115.87270359999998,-31.8969369
Padbury Catholic Primary School,Padbury,115.7671159,-31.81657383
Padbury Community Kindergarten,Padbury,115.7630588,-31.79895244
Padbury Primary School,Padbury,115.7594893,-31.805863199999997
Palmyra Primary School,Palmyra,115.7853129,-32.04528094
Pannawonica Primary School,Pannawonica,116.323,-21.636999999999997
Paraburdoo Primary School,Paraburdoo,117.6723112,-23.19658911
Parkerville Primary School,Parkerville,116.13281540000001,-31.88423347
Parkfield Primary School,Australind,115.727042,-33.265458
Parklands School,Albany,117.86140619999999,-35.00484165
Parkwood Primary School,Parkwood,115.91612959999999,-32.04190909
Parnngurr Community School,Via Newman  Pmb14,122.597546,-22.817552
Pearsall Primary School,Pearsall,115.8170137,-31.78076976
Peel Language Development School,Port Kennedy,115.7680138,-32.3575092
Pegs Creek Primary School,Karratha,116.831754,-20.73768669
Pemberton District High School,Pemberton,116.04588000000001,-34.44748
Penrhos College,Como,115.87253940000001,-31.99743072
Perenjori Primary School,Perenjori,116.28517099999999,-29.44325547
Perth College,Mount Lawley,115.87548090000001,-31.93117853
Perth Individual,Burswood,115.89783440000001,-31.96552356
Perth Modern School,Subiaco,115.83639579999999,-31.94506602
Perth Waldorf School,Bibra Lake,115.8176585,-32.09219046
Peter Carnley Anglican Community School,Wellard,115.8149145,-32.25710348
Peter Moyes Anglican Community School,Mindarie,115.7075982,-31.67541576
Phoenix Primary School,Hamilton Hill,115.7794442,-32.09257757
Pia Wadjarri Remote Community School,Murchison,116.39201000000001,-27.122353000000004
Piara Waters Primary School,Piara Waters,115.91701259999999,-32.12644247
Pickering Brook Primary School,Pickering Brook,116.1307872,-32.03466017
Picton Primary School,Glen Iris,115.68832959999999,-33.34079961
Pine View Primary School,Baldivis,115.82265600000001,-32.354594
Pineview Community Kindergarten,Coolbellup,115.8113048,-32.07525621
Pingelly Primary School,Pingelly,117.07921509999998,-32.53343022
Pingrup Primary School,Pingrup,118.51078000000001,-33.53243805
Pinjarra Primary School,Pinjarra,115.866421,-32.628223
Pinjarra Senior High School,Pinjarra,115.8726662,-32.63343063
Pioneer Village School,Armadale,116.02402990000002,-32.15050254
Port Hedland Primary School,Port Hedland,118.6336307,-20.30393313
Port Hedland School Of The Air,Port Hedland,118.63059299999999,-20.376876
Port Kennedy Primary School,Port Kennedy,115.75542240000001,-32.358528899999996
Port School,Hamilton Hill,115.77827140000001,-32.08300587
Poseidon Primary School,Heathridge,115.7510996,-31.76078924
Poynter Primary School,Duncraig,115.7743695,-31.84204111
Prendiville Catholic College,Ocean Reef,115.7396844,-31.75468355
Presbyterian Ladies' College,Peppermint Grove,115.76490600000001,-31.993592
Providence Christian College,Southern River,115.93669409999998,-32.09974606
Purnululu Aboriginal Independent Community School,Via Kununurra,128.05059,-17.275335000000002
Quairading District High School,Quairading,117.39859059999999,-32.0076234
Queen Of Apostles School,Riverton,115.89399109999998,-32.02991532
Queens Park Primary School,Queens Park,115.9444207,-31.99859142
Quinns Baptist College,Mindarie,115.71019640000002,-31.67618587
Quinns Beach Primary School,Quinns Rocks,115.69503459999999,-31.65764478
Quinns Rocks Primary School,Quinns Rocks,115.70285049999998,-31.67298256
Quintilian School,Mount Claremont,115.7923007,-31.96696077
Ranford Primary School,Canning Vale,115.91093020000001,-32.09384295
Rangeway Primary School,Rangeway,114.62856399999998,-28.779090999999998
Rapids Landing Primary School,Margaret River,115.08398700000001,-33.963862
Ravensthorpe District High School,Ravensthorpe,120.0519004,-33.58198044
Rawa Community School Aboriginal Corporation,Great Sandy Desert,123.120655,-22.044005
Rawlinson Primary School,Marangaroo,115.8447459,-31.82748385
Redcliffe Primary School,Redcliffe,115.9444715,-31.93492844
Regent College,Victoria Park,115.889552,-31.97177194
Rehoboth Christian College,Kenwick,115.977924,-32.03161911
Richmond Primary School,East Fremantle,115.7700352,-32.03667364
Ridge View Secondary College,Baldivis,115.822577,-32.361153
River Valley Primary School,Burekup,115.81528629999998,-33.30851243
Rivergums Primary School,Baldivis,115.829796,-32.335834999999996
Riverlands Montessori School,Dayton,115.9721543,-31.84721343
Riverside Education Support Centre,Greenfields,115.77004690000001,-32.53848844
Riverside Primary School,Greenfields,115.76765870000001,-32.5312506
Riverton Education Support Centre,Riverton,115.90022809999999,-32.03510531
Riverton Primary School,Riverton,115.90022809999999,-32.03510531
Rivervale Primary School,Rivervale,115.92042350000001,-31.95884714
Rockingham Beach Education Support Centre,Rockingham,115.7217885,-32.28301745
Rockingham Beach Primary School,Rockingham,115.7219158,-32.28213507
Rockingham John Calvin School,Baldivis,115.80105049999999,-32.30603447
Rockingham Lakes Primary School,Port Kennedy,115.7680138,-32.3575092
Rockingham Montessori School,Rockingham,115.736737,-32.27658489
Rockingham Senior High School,Rockingham,115.7355203,-32.28495172
Rockingham Senior High School Education Support Centre,Rockingham,115.7355203,-32.28495172
Roebourne District High School,Roebourne,117.14215,-20.76855012
Roebuck Primary School,Broome,122.23237639999999,-17.9403723
Roleystone Community College,Roleystone,116.0846169,-32.10331975
Rosalie Primary School,Shenton Park,115.81571140000001,-31.96165277
Roseworth Education Support Centre,Girrawheen,115.85249750000001,-31.84063994
Roseworth Primary School,Girrawheen,115.85249750000001,-31.84063994
Rossmoyne Community Kindergarten,Rossmoyne,115.86741979999998,-32.03816935
Rossmoyne Primary School,Rossmoyne,115.8667422,-32.04061087
Rossmoyne Senior High School,Rossmoyne,115.8705457,-32.04626472
Rostrata Primary School,Willetton,115.89817930000001,-32.05119357
Sacred Heart Catholic School,Goomalling,116.8276298,-31.30080813
Sacred Heart College,Sorrento,115.74656999999999,-31.82737166
Sacred Heart Primary School,Thornlie,115.95653610000001,-32.06789364
Sacred Heart Primary School,Highgate,115.8682173,-31.93732021
Sacred Heart School,Via Broome,122.66171000000001,-16.9746
Sacred Heart School,Mundaring,116.1657238,-31.90681782
Safety Bay Primary School,Safety Bay,115.7146933,-32.29899323
Safety Bay Senior High School,Safety Bay,115.74096409999999,-32.30328609
Salmon Gums Primary School,Salmon Gums,121.643353,-32.984142
Salvado Catholic College,Byford,115.9980619,-32.22329713
Samson Primary School,Samson,115.8020699,-32.07233538
Santa Clara School,St James,115.911676,-32.005938
Santa Maria College,Attadale,115.795823,-32.018614
Sawyers Valley Primary School,Sawyers Valley,116.20338729999999,-31.90182219
Scaddan Primary School,Scaddan,121.73324720000001,-33.44992407
Scarborough Primary School,Scarborough,115.7670648,-31.89699135
School of Isolated and Distance Education,Leederville,115.8419534,-31.93553952
School Of Special Education Needs: Sensory,Padbury,115.7622322,-31.80560639
School Of Special Educational Needs: Behaviour And Engagement,Padbury,115.7622322,-31.80560639
Scotch College,Swanbourne,115.7731945,-31.98113329
Seaforth Primary School,Gosnells,115.9968236,-32.08941297
Seaview Community Kindergarten,Cottesloe,115.7558017,-31.99856948
Secret Harbour Primary School,Secret Harbour,115.758725,-32.403582
Seda College Wa,Fremantle,115.751318,-32.052107
Serpentine Primary School,Serpentine,115.981389,-32.36550354
Servite College,Tuart Hill,115.8336415,-31.90270449
Seton Catholic College,Samson,115.7933707,-32.07269529
Settlers Primary School,Baldivis,115.8006798,-32.34342663
Sevenoaks Senior College,Cannington,115.94230520000002,-32.01247925
Shark Bay School,Denham,113.53094409999999,-25.92280075
Shelley Primary School,Shelley,115.88575929999999,-32.03209413
Shenton College,Shenton Park,115.803008,-31.95969986
Shenton College Deaf Education Centre,Shenton Park,115.803008,-31.95969986
Sheoak Grove Primary School,Baldivis,115.821923,-32.323884
Singleton Primary School,Singleton,115.75795819999999,-32.44002498
Sir David Brand School,Coolbinia,115.85972920000002,-31.91464899
Somerly Primary School,Clarkson,115.7278576,-31.68546051
Sorrento Primary School,Sorrento,115.76082930000001,-31.83148916
South Ballajura Education Support Centre,Ballajura,115.9102807,-31.84972479
South Ballajura Primary School,Ballajura,115.9102807,-31.84972479
South Bunbury Education Support Centre,South Bunbury,115.6428274,-33.34068153
South Bunbury Primary School,South Bunbury,115.6428274,-33.34068153
South Coast Baptist College,Waikiki,115.75750459999999,-32.31535966
South Coogee Primary School,Beeliar,115.79733279999999,-32.12961319
South East Metropolitan Language Development Centre,Cloverdale,115.9466374,-31.9507814
South Halls Head Primary School,Halls Head,115.6786312,-32.56442979
South Hedland Primary School,South Hedland,118.60187109999998,-20.40164145
South Kalgoorlie Primary School,Kalgoorlie,121.47686100000001,-30.76244847
South Lake Primary School,South Lake,115.83450079999999,-32.10593471
South Metropolitan Youth Link Community College,Rockingham,115.75420749999999,-32.27298182
South Newman Primary School,Newman,119.73406999999999,-23.363209
South Padbury Primary School,Padbury,115.7644063,-31.81230095
South Perth Primary School,South Perth,115.85938159999999,-31.981237899999996
South Stirling Primary School,South Stirling,118.210334,-34.57914966
South Thornlie Primary School,South Thornlie,115.95964099999999,-32.06627622
South West John Calvin Christian College,Capel,115.56541599999998,-33.54326
Southern Cross District High School,Southern Cross,119.32685749999999,-31.23119646
Southern Grove Primary School,Southern River,115.959204,-32.099314
Southern Hills Christian College,Bedfordale,116.04831770000001,-32.1816559
Southern River College,Gosnells,115.979918,-32.08559751
Southwell Primary School,Hamilton Hill,115.78508329999998,-32.09025841
Sowilo Community High School,Kelmscott,116.0098146,-32.13104805
Spearwood Alternative School,Spearwood,115.78439990000001,-32.10779115
Spearwood Primary School,Spearwood,115.78659579999999,-32.10148403
Spencer Park Education Support Centre,Spencer Park,117.9018778,-35.00554419
Spencer Park Primary School,Spencer Park,117.90187790000002,-35.00554418
Spirit Of Play Community School,Denmark,117.3650044,-34.97137317
Spring Hill Primary School,Tapping,115.7932625,-31.7226147
Spring Road Community Kindergarten (Inc),Kalamunda,116.0611541,-31.97174951
Springfield Primary School,Kallaroo,115.75018190000002,-31.79256944
St Andrew'S Catholic Primary School,Clarkson,115.72186040000001,-31.68720765
St Andrew's Grammar,Dianella,115.8741054,-31.87118268
St Anne'S School,Harvey,115.8913206,-33.08300334
St Anthony'S School,Greenmount,116.04389259999999,-31.89553184
St Anthony'S School,Wanneroo,115.8037982,-31.74897887
St Augustine'S School,Rivervale,115.90624129999999,-31.959803499999996
St Benedict'S School,Applecross,115.83943300000001,-32.018476
St Bernadette'S Catholic Primary School,Port Kennedy,115.7561402,-32.36083888
St Bernard'S School,Kojonup,117.16190390000001,-33.82759512
St Brigid's College,Lesmurdie,116.05206640000002,-31.99663035
St Brigid'S Primary School,Middle Swan,116.014347,-31.87563515
St Brigid'S School,Bridgetown,116.14060400000001,-33.957669
St Brigid'S School,Collie,116.1582939,-33.3481206
St Cecilia'S Catholic Primary School,Port Hedland,118.60218959999999,-20.30972649
St Clare'S School,Lathlain,115.9086158,-31.971135399999998
St Columba'S Catholic Primary School,South Perth,115.86000179999999,-31.97839416
St Columba'S School,Bayswater,115.91064899999999,-31.922883000000002
St Damien'S Catholic Primary School,Dawesville,115.63138149999999,-32.62651453
St Denis School,Joondanna,115.8443814,-31.90973888
St Dominic'S School,Innaloo,115.7909199,-31.89441457
St Elizabeth'S Catholic Primary School,Hocking,115.813336,-31.771911300000003
St Emilie'S Catholic Primary School,Canning Vale,115.932921,-32.08151946
St Francis Of Assisi Catholic Primary School,Butler,115.7121324,-31.65368589
St Francis Xavier Primary School,Geraldton,114.61470630000001,-28.77685819
St Francis' School,Maddington,115.9843375,-32.04608954
St George's Anglican Grammar School,Perth,115.85709569999999,-31.95409073
St Gerard'S Primary School,Westminster,115.84854399999999,-31.869729
St Helena'S Catholic Primary School,Ellenbrook,115.97601159999999,-31.79237522
St Hilda's Anglican School for Girls,Mosman Park,115.767812,-32.005047
St James' Anglican School,Alkimos,115.68637,-31.618540999999997
St Jerome'S Primary School,Lake Coogee,115.78265900000001,-32.121502
St John Bosco College,Piara Waters,115.92887730000001,-32.14606715
St John Paul Ii Catholic Primary School,Banksia Grove,115.80540159999998,-31.69517618
St John'S School,Rangeway,114.62673500000001,-28.78351925
St John'S School,Scarborough,115.7669125,-31.89350925
St Joseph'S Catholic Primary School,Pinjarra,115.87335549999999,-32.6307843
St Joseph's College,Albany,117.902192,-34.997944
St Joseph'S Primary School,Bunbury,115.63308219999999,-33.37377642
St Joseph'S School,Pemberton,116.0353768,-34.44616935
St Joseph'S School,Kununurra,128.73282369999998,-15.76988667
St Joseph'S School,Moora,116.001419,-30.64061007
St Joseph'S School,Queens Park,115.9387308,-32.00565787
St Joseph'S School,Northam,116.6782822,-31.65767596
St Joseph'S School,Boulder,121.47335,-30.782918
St Joseph'S School,Wyndham,128.1247657,-15.48554463
St Joseph'S School,Southern Cross,119.3250078,-31.22952336
St Joseph'S School,Waroona,115.92251599999999,-32.84466984
St Jude'S Catholic School,Langford,115.93514850000001,-32.04434722
St Kieran Catholic Primary School,Tuart Hill,115.8315419,-31.90272667
St Lawrence Primary School,Balcatta,115.827758,-31.879112
St Lawrence'S Primary School,Geraldton,114.62250900000001,-28.744657
St Luke'S Catholic Primary School,Woodvale,115.80545990000002,-31.80201996
St Luke's College,Karratha,116.81744579999999,-20.75172597
St Maria Goretti'S Catholic School,Redcliffe,115.943776,-31.93908153
St Mark's Anglican Community School,Hillarys,115.74287279999999,-31.79848743
St Martin De Porres School,Djugun,122.22440900000001,-17.954391
St Mary Mackillop College,Busselton,115.33025090000001,-33.66260748
St Mary Star Of The Sea Catholic School,Carnarvon,113.6586924,-24.88555971
St Mary's Anglican Girls' School,Karrinyup,115.766244,-31.87697112
St Mary'S Catholic Primary School,Bunbury,115.6449424,-33.34321035
St Mary'S Catholic School,Boyup Brook,116.38588359999999,-33.83782677
St Mary'S College,Broome,122.22248700000002,-17.96107323
St Mary'S Primary School,Kalgoorlie,121.4718278,-30.74327964
St Mary'S School,Northampton,114.62959769999999,-28.35047262
St Mary'S School,Merredin,118.2746675,-31.48713246
St Mary'S School,Donnybrook,115.818426,-33.57519912
St Matthew'S School,Narrogin,117.1744858,-32.93530913
St Michael'S School,Bassendean,115.949922,-31.905456
St Michael'S School,Brunswick Junction,115.83779399999999,-33.25458537
St Munchin'S Catholic School,Gosnells,115.9873399,-32.08196889
St Norbert College,Queens Park,115.94034429999999,-32.00436432
St Patrick'S Primary School,Fremantle,115.74864579999999,-32.05135647
St Patrick'S School,Katanning,117.540217,-33.689091999999995
St Paul'S Primary School,Karratha,116.84967409999999,-20.73371058
St Paul'S Primary School,Mount Lawley,115.8642209,-31.92535899
St Peter'S Primary School,Inglewood,115.88492409999999,-31.91205537
St Pius X Catholic School,Manning,115.8634264,-32.01686406
St Simon Peter Catholic Primary School,Ocean Reef,115.7376881,-31.7521962
St Stephen's School - Duncraig,Duncraig,115.7806424,-31.819274800000002
St Thomas More Catholic Primary School,Margaret River,115.0688027,-33.95314926
St Thomas' Primary School,Claremont,115.78898429999998,-31.97747472
St Vincent'S School,Parmelia,115.82604409999999,-32.25275368
Star Of The Sea Primary School,Rockingham,115.73171459999999,-32.28529599
Strathalbyn Christian College,Strathalbyn,114.6442673,-28.75198509
Strelley Community School,Via Port Hedland,118.988487,-20.43710217
Subiaco Primary School,Subiaco,115.82204329999999,-31.95080163
Success Primary School,Success,115.8495396,-32.152547600000005
Sutherland Dianella Primary School,Dianella,115.8646325,-31.89361305
Swan Christian College,Middle Swan,116.01175330000001,-31.85830659
Swan Valley Anglican Community School,Aveley,115.98545159999998,-31.79434482
Swan View Primary School,Swan View,116.04899879999999,-31.88690093
Swan View Senior High School,Swan View,116.04433390000001,-31.887479700000004
Swanbourne Primary School,Swanbourne,115.77035990000002,-31.97300265
Takari Primary School,Balcatta,115.82170729999999,-31.868874100000003
Tambellup Primary School,Tambellup,117.6428315,-34.03968903
Tambrey Primary School,Karratha,116.80111000000001,-20.742486
Tammin Primary School,Tammin,117.4857268,-31.63991544
Tapping Primary School,Tapping,115.7922496,-31.71523945
Telethon Speech & Hearing,Wembley,115.82318470000001,-31.92384064
The Beehive Montessori School Inc,Mosman Park,115.7522159,-32.01798492
The Japanese School In Perth,City Beach,115.764551,-31.935717999999998
The King'S College,Wellard,115.839073,-32.25439916
The Montessori School,Kingsley,115.8077784,-31.81228862
The Silver Tree Steiner School,Parkerville,116.1380466,-31.86810533
Thornlie Primary School,Thornlie,115.96597309999999,-32.05332144
Thornlie Senior High School,Thornlie,115.95964099999999,-32.06627622
Three Springs Primary School,Three Springs,115.76113490000002,-29.53502154
Tjuntjuntjara Remote Community School,Great Victoria Desert,127.09770800000001,-29.340704
Tom Price Primary School,Tom Price,117.79334140000002,-22.6945611
Tom Price Senior High School,Tom Price,117.79468270000001,-22.68733347
Toodyay District High School,Toodyay,116.47266189999999,-31.54802031
Tranby College,Baldivis,115.8002428,-32.340570299999996
Trayning Primary School,Trayning,117.78978640000001,-31.11523623
Treendale Primary School,Australind,115.73555900000001,-33.28194663
Treetops Montessori School,Darlington,116.074229,-31.92002226
Trinity College,East Perth,115.88257659999998,-31.96013472
Tuart Forest Primary School,Dalyellup,115.6346071,-33.39160056
Tuart Hill Community Kindergarten,Tuart Hill,115.835784,-31.90322468
Tuart Hill Primary School,Tuart Hill,115.84081509999999,-31.901379300000002
Tuart Rise Primary School,Baldivis,115.81418190000001,-32.35318209
Two Rocks Primary School,Two Rocks,115.59115030000001,-31.48931676
Upper Swan Primary School,Upper Swan,116.02512709999999,-31.78681941
Ursula Frayne Catholic College,Victoria Park,115.8990335,-31.97297817
Useless Loop Primary School,Useless Loop,113.4186818,-26.13539034
Vasse Primary School,Vasse,115.2489773,-33.68018743
Victoria Park Christian School,Victoria Park,115.8888111,-31.97105458
Victoria Park Primary School,Victoria Park,115.89221270000002,-31.97137092
Waddington Primary School,Koondoola,115.8681525,-31.84424333
Waggrakine Primary School,Waggrakine,114.63694270000002,-28.71870352
Wagin District High School,Wagin,117.3404578,-33.31189146
Waikiki Primary School,Waikiki,115.7621332,-32.31926622
Walkaway Primary School,Walkaway,114.7991226,-28.93930719
Walliston Primary School,Walliston,116.06935,-31.99851134
Walpole Primary School,Walpole,116.7282223,-34.97861268
Wananami Remote Community School,Derby,125.930247,-16.719944
Wandering Primary School,Wandering,116.6727061,-32.67789673
Wandina Primary School,Wandina,114.634667,-28.816506
Wangkatjungka Remote Community School,Christmas Creek,125.926869,-18.885222
Wanneroo Primary School,Wanneroo,115.7998794,-31.75136276
Wanneroo Secondary College,Wanneroo,115.81513329999999,-31.7578766
Warlawurru Catholic School,Halls Creek,127.668324,-18.224165
Warnbro Community High School,Warnbro,115.75909640000002,-32.34556923
Warnbro Community High School Education Support Centre,Warnbro,115.75909640000002,-32.34556923
Warnbro Primary School,Warnbro,115.75464550000001,-32.33517258
Waroona District High School,Waroona,115.9294134,-32.84501404
Warriapendi Primary School,Balga,115.8446009,-31.85387667
Warwick Senior High School,Warwick,115.8154291,-31.83867535
Watheroo Primary School,Watheroo,116.0606034,-30.29858991
Wattle Grove Primary School,Wattle Grove,115.98330690000002,-31.99728084
Weld Square Primary School,Morley,115.90989520000001,-31.89096441
Wellard Primary School,Wellard,115.84695900000001,-32.262238
Wellstead Primary School,Wellstead,118.60418030000001,-34.49592129
Wembley Downs Primary School,Wembley Downs,115.77060719999999,-31.91034618
Wembley Primary School,Wembley,115.8097294,-31.9350158
Wesley College,South Perth,115.86593400000001,-31.97995555
West Balcatta Primary School,Balcatta,115.80878259999999,-31.87268066
West Beechboro Primary School,Beechboro,115.9273699,-31.87005345
West Busselton Primary School,Busselton,115.31497279999999,-33.65509248
West Byford Primary School,Byford,115.9791197,-32.21556274
West Coast Language Development Centre,Padbury,115.7594893,-31.805863199999997
West Coast Secondary Education Support Centre,Warwick,115.816759,-31.838535999999998
West Coast Steiner School,Nollamara,115.83986000000002,-31.88348064
West Greenwood Primary School,Greenwood,115.7914439,-31.82628484
West Leederville Primary School,Leederville,115.83293940000001,-31.93928667
West Leeming Primary School,Leeming,115.8551611,-32.07026853
West Morley Primary School,Dianella,115.88638540000001,-31.89043143
West Northam Primary School,Northam,116.66401640000001,-31.66627195
Western Australian College Of Agriculture - Cunderdin,Cunderdin,117.230704,-31.626846999999998
Western Australian College Of Agriculture - Denmark,Denmark,117.373081,-34.94864439
Western Australian College Of Agriculture - Harvey,Wokalup,115.8794784,-33.14579679
Western Australian College Of Agriculture - Morawa,Morawa,116.00591329999999,-29.21120145
Western Australian College Of Agriculture - Narrogin,Narrogin,117.1172635,-32.97365856
Westfield Park Primary School,Camillo,116.00526599999999,-32.110255
Westminster Education Support Centre,Westminster,115.8386778,-31.87052478
Westminster Primary School,Westminster,115.83867790000001,-31.87052479
White Gum Valley Primary School,White Gum Valley,115.764926,-32.05893654
Whitford Catholic Primary School,Craigie,115.75742690000001,-31.78543296
Wickepin Primary School,Wickepin,117.4961991,-32.78598599
Wickham Primary School,Wickham,117.1440973,-20.68092304
Willandra Primary School,Seville Grove,115.9841153,-32.14274418
Willetton Primary School,Willetton,115.88267920000001,-32.0491836
Willetton Senior High School,Willetton,115.8792246,-32.06131317
Williams Primary School,Williams,116.8825334,-33.02268273
Wilson Park Primary School,Collie,116.1393685,-33.36646617
Wilson Primary School,Wilson,115.911727,-32.01777093
Wiluna Remote Community School,Wiluna,120.22590559999999,-26.59696821
Winterfold Primary School,Beaconsfield,115.7708899,-32.07237013
Winthrop Primary School,Winthrop,115.83281699999999,-32.05464084
Wirrabirra Education Support Centre,Gosnells,115.97961699999999,-32.07438712
Wirrabirra Primary School,Gosnells,115.97961699999999,-32.07438712
Wongan Hills District High School,Wongan Hills,116.7213344,-30.8905344
Wongutha Christian Aboriginal Parent-Directed School,Gibson,121.874743,-33.658921
Woodanilling Primary School,Woodanilling,117.4350521,-33.56097165
Woodbridge Primary School,Woodbridge,115.9968219,-31.89275174
Woodbury Boston Primary School,"Torbay Hill, Kronkup",117.62561629999999,-35.069076
Woodland Grove Primary School,Byford,115.98026000000002,-32.226282
Woodlands Primary School,Woodlands,115.7898281,-31.91098138
Woodlupine Primary School,Forrestfield,116.0041348,-31.98429135
Woodvale Primary School,Woodvale,115.79369479999998,-31.79431516
Woodvale Secondary College,Woodvale,115.7994712,-31.79154969
Wooroloo Primary School,Wooroloo,116.3125818,-31.80479148
Wulungarra Community School,Fitzroy Crossing,124.94173300000001,-18.825259
Wundowie Primary School,Wundowie,116.38312739999999,-31.76135676
Wyalkatchem District High School,Wyalkatchem,117.385581,-31.1738
Wyndham District High School,Wyndham,128.12122150000002,-15.48878706
Xavier Catholic School,Hilbert,115.991946,-32.161224
Yakamia Primary School,Albany,117.87378340000001,-35.00213634
Yakanarra Community School,Yakanarra,125.298823,-18.671644
Yale Primary School,Thornlie,115.951374,-32.05058481
Yalgoo Primary School,Yalgoo,116.6800723,-28.33923618
Yallingup Steiner School,Yallingup,115.03149779999998,-33.6730468
Yanchep Beach Primary School,Yanchep,115.631774,-31.544070899999998
Yanchep Lagoon Primary School,Yanchep,115.6353379,-31.55198666
Yanchep Rise Primary School,Yanchep,115.64726,-31.538531
Yanchep Secondary College,Yanchep,115.643429,-31.552522999999997
Yandeyarra Remote Community School,Yandeyarra Community,118.403148,-21.285188
Yangebup Primary School,Yangebup,115.81961159999999,-32.11921993
Yarloop Primary School,Yarloop,115.90404240000001,-32.96180388
Yarralinka Primary School,Southern River,115.970019,-32.101865999999994
Yealering Primary School,Yealering,117.62117679999999,-32.59302111
Yerecoin Primary School,Yerecoin,116.39315520000001,-30.92633982
Yidarra Catholic Primary School,Bateman,115.8429057,-32.05699615
Yiramalay/Wesley Studio School,Via Fitzroy Crossing,125.567949,-18.193564000000002
Yiyili Aboriginal Community School,Via Halls Creek,126.75421100000001,-18.718867000000003
Yokine Primary School,Yokine,115.85934350000001,-31.900715
York District High School,York,116.75899840000001,-31.89178422
Youth Futures Community School,Midland,116.0066971,-31.89226285
Youth Futures Community School,Clarkson,115.71985020000001,-31.69110006
Yule Brook College,Maddington,116.0064617,-32.04732734
Yulga Jinna Remote Community School,Yulga Jinna Remote Community,118.557728,-25.617306
Yuluma Primary School,Innaloo,115.7899897,-31.89226761
Yuna Primary School,Yuna,115.0026476,-28.32656589
Woodthorpe School,Willetton,115.90172,-32.05654
St Stephen's School - Carramar,Carramar,115.78828,-31.71704
Bunbury John Calvin School,Carey Park,115.64956,-33.35097
